{
    "rmse": 0.6836355896704839,
    "mae": 0.5403788122804576,
    "r2": 0.26196252317672264
}